time,acceleration,displacement
0.0,0.0,0.0
0.02,0.01999866669333308,1.3333066669202198e-06
0.04,0.03998933418663416,1.0665813365839938e-05
0.06,0.059964006479444595,3.599352055540239e-05
0.08,0.0799146939691727,8.530603082730626e-05
0.1,0.09983341664682815,0.0001665833531718508
0.12,0.11971220728891936,0.00028779271108063387
0.14,0.1395431146442365,0.00045688535576351996
0.16,0.15931820661424598,0.0006817933857540259
0.18,0.17902957342582418,0.0009704265741758145
0.2,0.19866933079506122,0.0013306692049387947
0.22,0.21822962308086932,0.0017703769191306784
0.24,0.23770262642713458,0.002297373572865413
0.26,0.2570805518921551,0.002919448107844891
0.28,0.27635564856411376,0.0036443514358862616
0.3,0.29552020666133955,0.004479793338660443
0.32,0.31456656061611776,0.005433439383882244
0.34,0.3334870921408144,0.006512907859185624
0.36,0.35227423327508994,0.007725766724910044
0.38,0.3709204694129827,0.009079530587017326
0.4,0.3894183423086505,0.0105816576913495
0.42,0.40776045305957015,0.012239546940429835
0.44,0.4259394650659996,0.01406053493400039
0.46,0.4439481069655198,0.016051893034480236
0.48,0.4617791755414829,0.018220824458517082
0.5,0.479425538604203,0.020574461395796995
0.52,0.49688013784373675,0.02311986215626327
0.54,0.5141359916531132,0.025864008346886846
0.56,0.5311861979208834,0.028813802079116657
0.58,0.5480239367918736,0.031976063208126404
0.6,0.5646424733950354,0.035357526604964606
0.62,0.5810351605373051,0.03896483946269491
0.64,0.5971954413623921,0.042804558637607903
0.66,0.6131168519734338,0.046883148026566235
0.68,0.6287930240184686,0.051206975981531455
0.7000000000000001,0.6442176872376911,0.05578231276230894
0.72,0.6593846719714731,0.06061532802852687
0.74,0.674287911628145,0.06571208837185494
0.76,0.6889214451105513,0.0710785548894487
0.78,0.7032794192004101,0.07672058079958988
0.8,0.7173560908995228,0.08264390910047725
0.8200000000000001,0.7311458297268959,0.08885417027310416
0.84,0.7446431199708593,0.09535688002914067
0.86,0.757842562895277,0.10215743710472303
0.88,0.7707388788989693,0.1092611211010307
0.9,0.7833269096274834,0.11667309037251661
0.92,0.795601620036366,0.12439837996363401
0.9400000000000001,0.8075581004051143,0.13244189959488573
0.96,0.8191915683009983,0.1408084316990017
0.98,0.8304973704919705,0.1495026295080295
1.0,0.8414709848078965,0.1585290151921035
1.02,0.852108021949363,0.16789197805063705
1.04,0.8624042272433384,0.1775957727566616
1.06,0.8723554823449863,0.18764451765501378
1.08,0.8819578068849475,0.19804219311505256
1.1,0.8912073600614354,0.20879263993856467
1.12,0.9001004421765051,0.21989955782349502
1.1400000000000001,0.9086334961158833,0.23136650388411684
1.16,0.9168031087717669,0.24319689122823307
1.18,0.9246060124080203,0.2553939875919796
1.2,0.9320390859672263,0.26796091403277367
1.22,0.9390993563190676,0.28090064368093237
1.24,0.945783999449539,0.29421600055046104
1.26,0.9520903415905158,0.30790965840948425
1.28,0.9580158602892249,0.3219841397107751
1.3,0.963558185417193,0.3364418145828071
1.32,0.9687151001182652,0.35128489988173484
1.34,0.9734845416953194,0.3665154583046807
1.36,0.9778646024353163,0.38213539756468384
1.3800000000000001,0.9818535303723598,0.39814646962764033
1.4000000000000001,0.9854497299884603,0.4145502700115399
1.42,0.9886517628517197,0.4313482371482802
1.44,0.9914583481916864,0.4485416518083135
1.46,0.9938683634116449,0.4661316365883551
1.48,0.99588084453764,0.48411915546235995
1.5,0.9974949866040544,0.5025050133959456
1.52,0.998710143975583,0.521289856024417
1.54,0.9995258306054791,0.540474169394521
1.56,0.9999417202299663,0.5600582797700338
1.58,0.9999576464987401,0.58004235350126
1.6,0.9995736030415051,0.600426396958495
1.62,0.998789743470524,0.6212102565294761
1.6400000000000001,0.9976063813191737,0.6423936186808265
1.6600000000000001,0.9960239899165367,0.6639760100834634
1.68,0.994043202198076,0.685956797801924
1.7,0.9916648104524686,0.7083351895475314
1.72,0.9888897660047015,0.7311102339952985
1.74,0.9857191788355535,0.7542808211644465
1.76,0.9821543171376185,0.7778456828623815
1.78,0.9781966068080447,0.8018033931919554
1.8,0.9738476308781951,0.8261523691218049
1.82,0.9691091288804563,0.8508908711195438
1.84,0.9639829961524481,0.876017003847552
1.86,0.9584712830789142,0.9015287169210859
1.8800000000000001,0.9525761942715953,0.9274238057284048
1.9000000000000001,0.9463000876874145,0.9536999123125857
1.92,0.9396454736853249,0.980354526314675
1.94,0.9326150140222005,1.0073849859777995
1.96,0.9252115207881683,1.0347884792118318
1.98,0.9174379552818098,1.0625620447181903
2.0,0.9092974268256817,1.0907025731743183
2.02,0.9007931915226273,1.1192068084773727
2.04,0.8919286509533796,1.1480713490466203
2.06,0.8827073508159741,1.177292649184026
2.08,0.8731329795075164,1.2068670204924836
2.1,0.8632093666488737,1.2367906333511263
2.12,0.8529404815528762,1.267059518447124
2.14,0.8423304316366457,1.2976695683633546
2.16,0.8313834607786831,1.3286165392213172
2.18,0.8201039476213742,1.3598960523786259
2.2,0.8084964038195901,1.39150359618041
2.22,0.7965654722360865,1.4234345277639138
2.24,0.7843159250844198,1.4556840749155804
2.2600000000000002,0.7717526620201257,1.4882473379798746
2.2800000000000002,0.7588807081809218,1.5211192918190783
2.3000000000000003,0.74570521217672,1.5542947878232802
2.32,0.7322314440302514,1.5877685559697485
2.34,0.7184647930691263,1.6215352069308735
2.36,0.7044107657701763,1.6555892342298235
2.38,0.6900749835569364,1.6899250164430635
2.4,0.675463180551151,1.7245368194488488
2.42,0.6605812012792007,1.7594187987207992
2.44,0.6454349983343707,1.7945650016656294
2.46,0.6300306299958922,1.8299693700041078
2.48,0.6143742578057118,1.8656257421942883
2.5,0.5984721441039565,1.9015278558960436
2.52,0.5823306495240819,1.9376693504759182
2.54,0.5659562304487028,1.9740437695512973
2.56,0.5493554364271266,2.0106445635728734
2.58,0.5325349075556212,2.047465092444379
2.6,0.5155013718214642,2.084498628178536
2.62,0.49826164241183857,2.1217383575881614
2.64,0.48082261498864826,2.159177385011352
2.66,0.4631912649303452,2.196808735069655
2.68,0.44537464454187115,2.234625355458129
2.7,0.4273798802338298,2.27262011976617
2.72,0.4092141696720173,2.310785830327983
2.74,0.3908847788984522,2.349115221101548
2.7600000000000002,0.3723990394250553,2.387600960574945
2.7800000000000002,0.3537643453011427,2.4262356546988575
2.8000000000000003,0.33498815015590466,2.4650118498440956
2.82,0.3160779642170538,2.503922035782946
2.84,0.2970413513068324,2.5429586486931672
2.86,0.2778859258165868,2.582114074183413
2.88,0.25861934966111083,2.6213806503388892
2.9,0.23924932921398243,2.6607506707860176
2.92,0.21978361222511694,2.700216387774883
2.94,0.20022998472177053,2.7397700152782294
2.96,0.18059626789423291,2.779403732105767
2.98,0.16089031496745576,2.819109685032544
3.0,0.1411200080598672,2.8588799919401326
3.02,0.12129325503062975,2.8987067449693704
3.04,0.10141798631660186,2.938582013683398
3.06,0.08150215176026912,2.978497848239731
3.08,0.06155371742991315,3.018446282570087
3.1,0.04158066243329049,3.0584193375667095
3.12,0.02159097572609596,3.098409024273904
3.14,0.0015926529164868282,3.1384073470835134
3.16,-0.01840630693305381,3.178406306933054
3.18,-0.03839790450523538,3.2183979045052356
3.2,-0.058374143427580086,3.2583741434275804
3.22,-0.0783270334708653,3.2983270334708656
3.24,-0.09824859374510868,3.3382485937451087
3.2600000000000002,-0.11813085589181781,3.378130855891818
3.2800000000000002,-0.13796586727122728,3.4179658672712274
3.3000000000000003,-0.15774569414324865,3.4577456941432487
3.3200000000000003,-0.17746242484086058,3.497462424840861
3.34,-0.19710817293466984,3.5371081729346696
3.36,-0.21667508038737962,3.5766750803873797
3.38,-0.236155320696897,3.616155320696897
3.4,-0.2555411020268312,3.655541102026831
3.42,-0.274824670323124,3.694824670323124
3.44,-0.2939983124155676,3.733998312415568
3.46,-0.3130543591029702,3.77305435910297
3.48,-0.3319851882207341,3.811985188220734
3.5,-0.35078322768961984,3.85078322768962
3.52,-0.3694409585444771,3.889440958544477
3.54,-0.3879509179417303,3.9279509179417302
3.56,-0.4063057021444168,3.966305702144417
3.58,-0.4244979694835826,4.004497969483583
3.6,-0.44252044329485246,4.042520443294853
3.62,-0.4603659148289983,4.080365914828999
3.64,-0.47802724613534286,4.118027246135343
3.66,-0.4954973729168449,4.155497372916845
3.68,-0.5127693073557238,4.192769307355724
3.7,-0.5298361409084934,4.2298361409084935
3.72,-0.5466910470692872,4.266691047069287
3.74,-0.56332728410037,4.30332728410037
3.7600000000000002,-0.5797381977287431,4.339738197728743
3.7800000000000002,-0.5959172238077642,4.375917223807765
3.8000000000000003,-0.6118578909427193,4.41185789094272
3.8200000000000003,-0.6275538230792936,4.447553823079294
3.84,-0.6429987420539088,4.482998742053908
3.86,-0.6581864701049049,4.518186470104904
3.88,-0.6731109323435617,4.553110932343562
3.9,-0.6877661591839738,4.587766159183974
3.92,-0.7021462887308054,4.622146288730805
3.94,-0.7162455691239705,4.65624556912397
3.96,-0.7300583608392995,4.690058360839299
3.98,-0.7435791389442746,4.723579138944275
4.0,-0.7568024953079282,4.756802495307928
4.0200000000000005,-0.7697231407640244,4.789723140764025
4.04,-0.7823359072266528,4.822335907226653
4.0600000000000005,-0.7946357497573974,4.8546357497573975
4.08,-0.8066177485832405,4.886617748583241
4.1,-0.8182771110644103,4.91827711106441
4.12,-0.8296091736113709,4.949609173611371
4.14,-0.8406094035501945,4.980609403550194
4.16,-0.8512734009355745,5.011273400935575
4.18,-0.8615969003107405,5.04159690031074
4.2,-0.8715757724135882,5.071575772413588
4.22,-0.8812060258283253,5.101206025828325
4.24,-0.8904838085819885,5.130483808581989
4.26,-0.8994054096851777,5.159405409685178
4.28,-0.9079672606164054,5.187967260616405
4.3,-0.9161659367494549,5.216165936749455
4.32,-0.9239981587231879,5.243998158723188
4.34,-0.9314607937532425,5.271460793753242
4.36,-0.9385508568851079,5.298550856885108
4.38,-0.9452655121880633,5.325265512188063
4.4,-0.951602073889516,5.3516020738895165
4.42,-0.9575580074492711,5.377558007449271
4.44,-0.9631309305733167,5.403130930573317
4.46,-0.9683186141667072,5.428318614166707
4.48,-0.9731189832251739,5.453118983225174
4.5,-0.977530117665097,5.477530117665097
4.5200000000000005,-0.9815502530915156,5.501550253091516
4.54,-0.9851777815038595,5.525177781503859
4.5600000000000005,-0.9884112519391306,5.548411251939131
4.58,-0.991249371052267,5.571249371052267
4.6000000000000005,-0.9936910036334645,5.593691003633465
4.62,-0.9957351730622453,5.615735173062245
4.64,-0.9973810616980933,5.637381061698093
4.66,-0.9986280112074989,5.658628011207499
4.68,-0.999475522827284,5.679475522827284
4.7,-0.9999232575641008,5.699923257564101
4.72,-0.9999710363300245,5.7199710363300245
4.74,-0.9996188400141854,5.739618840014185
4.76,-0.9988668094904142,5.758866809490414
4.78,-0.9977152455608933,5.777715245560893
4.8,-0.9961646088358407,5.7961646088358405
4.82,-0.9942155195492713,5.814215519549272
4.84,-0.9918687573109126,5.831868757310913
4.86,-0.9891252607943698,5.84912526079437
4.88,-0.9859861273616704,5.86598612736167
4.9,-0.9824526126243325,5.882452612624332
4.92,-0.9785261299411385,5.898526129941138
4.94,-0.9742082498528091,5.914208249852809
4.96,-0.9695006994538088,5.929500699453809
4.98,-0.9644053617015305,5.944405361701531
5.0,-0.9589242746631385,5.958924274663138
5.0200000000000005,-0.9530596307003675,5.973059630700368
5.04,-0.9468137755926089,5.9868137755926085
5.0600000000000005,-0.9401892075986283,6.000189207598629
5.08,-0.9331885764572976,6.013188576457297
5.1000000000000005,-0.9258146823277321,6.0258146823277325
5.12,-0.918070474669267,6.038070474669267
5.14,-0.9099590510617106,6.049959051061711
5.16,-0.9014836559663548,6.061483655966355
5.18,-0.8926476794282346,6.0726476794282345
5.2,-0.8834546557201531,6.083454655720153
5.22,-0.8739082619290224,6.093908261929022
5.24,-0.8640123164850744,6.104012316485075
5.26,-0.8537707776345433,6.113770777634543
5.28,-0.8431877418564168,6.123187741856417
5.3,-0.8322674422239013,6.132267442223901
5.32,-0.821014246711247,6.141014246711247
5.34,-0.8094326564466194,6.149432656446619
5.36,-0.7975273039117042,6.157527303911705
5.38,-0.7853029510887806,6.165302951088781
5.4,-0.7727644875559871,6.1727644875559875
5.42,-0.759916928531561,6.179916928531561
5.44,-0.7467654128678123,6.186765412867812
5.46,-0.7333152009956565,6.193315200995657
5.48,-0.7195716728205075,6.1995716728205075
5.5,-0.7055403255703919,6.205540325570392
5.5200000000000005,-0.6912267715971264,6.2112267715971266
5.54,-0.6766367361314569,6.216636736131457
5.5600000000000005,-0.6617760549930369,6.221776054993038
5.58,-0.6466506722561834,6.226650672256183
5.6000000000000005,-0.6312666378723208,6.231266637872322
5.62,-0.6156301052500863,6.235630105250086
5.64,-0.5997473287940438,6.239747328794044
5.66,-0.5836246614030073,6.2436246614030075
5.68,-0.5672685519289686,6.247268551928968
5.7,-0.5506855425976376,6.250685542597638
5.72,-0.5338822663916443,6.253882266391644
5.74,-0.5168654443974288,6.2568654443974285
5.76,-0.49964188311690244,6.2596418831169025
5.78,-0.48221847174493154,6.262218471744932
5.8,-0.46460217941375737,6.264602179413757
5.82,-0.44680005240543,6.26680005240543
5.84,-0.4288192113333959,6.268819211333396
5.86,-0.41066684829434086,6.270666848294341
5.88,-0.39235022399145386,6.272350223991454
5.9,-0.373876664830236,6.273876664830237
5.92,-0.35525355998804264,6.275253559988043
5.94,-0.3364883584585042,6.276488358458504
5.96,-0.31758856607203484,6.277588566072035
5.98,-0.2985617424935936,6.278561742493594
6.0,-0.27941549819892586,6.279415498198926
6.0200000000000005,-0.26015749143046807,6.280157491430469
6.04,-0.2407954251341592,6.280795425134159
6.0600000000000005,-0.22133704387835867,6.281337043878359
6.08,-0.2017901307561289,6.281790130756129
6.1000000000000005,-0.18216250427209502,6.282162504272096
6.12,-0.1624620152151542,6.282462015215154
6.140000000000001,-0.14269654351825772,6.2826965435182585
6.16,-0.12287399510655005,6.28287399510655
6.18,-0.10300229873509785,6.283002298735098
6.2,-0.0830894028174964,6.283089402817496
6.22,-0.06314327224661277,6.283143272246613
6.24,-0.04317188520872868,6.283171885208729
6.26,-0.02318322999237945,6.283183229992379
6.28,-0.0031853017931379904,6.2831853017931385
6.3,0.016813900484349713,6.2831860995156505
6.32,0.03680637742582692,6.283193622574173
6.34,0.05678413230707805,6.283215867692922
6.36,0.07673917429251892,6.283260825707481
6.38,0.09666352163141724,6.283336478368582
6.4,0.11654920485049364,6.283450795149506
6.42,0.13638826994159764,6.283611730058403
6.44,0.1561727815432119,6.283827218456788
6.46,0.175894826114484,6.284105173885516
6.48,0.19554651510054424,6.284453484899456
6.5,0.21511998808781552,6.284880011912184
6.5200000000000005,0.2346074159480808,6.28539258405192
6.54,0.2540010039700231,6.285998996029977
6.5600000000000005,0.27329299497701326,6.286707005022987
6.58,0.2924756724298697,6.2875243275701305
6.6000000000000005,0.3115413635133787,6.288458636486622
6.62,0.3304824422053109,6.28951755779469
6.640000000000001,0.3492913323267357,6.290708667673265
6.66,0.36796051057238466,6.292039489427616
6.68,0.38648250951987934,6.29351749048012
6.7,0.4048499206165983,6.295150079383402
6.72,0.42305539714299684,6.296944602857003
6.74,0.44109165715120235,6.298908342848798
6.76,0.4589514863776903,6.30104851362231
6.78,0.4766277411288995,6.303372258871101
6.8,0.49411335113860816,6.305886648861391
6.82,0.5114013223959524,6.3085986776040475
6.84,0.5284847399429308,6.311515260057069
6.86,0.545356770640302,6.314643229359699
6.88,0.562010665900743,6.317989334099257
6.9,0.5784397643882001,6.3215602356118
6.92,0.5946374946823286,6.325362505317671
6.94,0.6105973779069791,6.3294026220930215
6.96,0.6263130303216559,6.333686969678344
6.98,0.6417781658749337,6.338221834125067
7.0,0.6569865987187891,6.343013401281211
7.0200000000000005,0.6719322456828621,6.348067754317138
7.04,0.6866091287076385,6.353390871292362
7.0600000000000005,0.7010113772355987,6.358988622764402
7.08,0.7151332305593578,6.364866769440642
7.1000000000000005,0.7289690401258765,6.371030959874124
7.12,0.7425132717958018,6.3774867282041985
7.140000000000001,0.7557605080570543,6.384239491942946
7.16,0.7687054501917558,6.3912945498082445
7.18,0.78134292039565,6.39865707960435
7.2,0.7936678638491531,6.406332136150847
7.22,0.8056753507392133,6.414324649260786
7.24,0.8173605782311729,6.422639421768827
7.26,0.8287188723898353,6.4312811276101645
7.28,0.8397456900489799,6.440254309951021
7.3,0.8504366206285644,6.449563379371435
7.32,0.8607873878989016,6.459212612101099
7.34,0.8707938516910911,6.469206148308909
7.36,0.8804520095530344,6.4795479904469655
7.38,0.8897579983503596,6.490242001649641
7.4,0.8987080958116269,6.501291904188373
7.42,0.907298722017184,6.512701277982816
7.44,0.9155264408310896,6.524473559168911
7.46,0.9233879612755189,6.536612038724481
7.48,0.9308801388471136,6.549119861152887
7.5,0.9379999767747389,6.562000023225261
7.5200000000000005,0.9447446272181541,6.575255372781847
7.54,0.951111392407109,6.588888607592891
7.5600000000000005,0.9570977257204173,6.602902274279583
7.58,0.9627012327045701,6.61729876729543
7.6000000000000005,0.9679196720314865,6.632080327968514
7.62,0.9727509563950137,6.647249043604987
7.640000000000001,0.977193153345823,6.662806846654178
7.66,0.9812444860643621,6.678755513935638
7.68,0.9849033340715608,6.695096665928439
7.7,0.9881682338770004,6.711831766123
7.72,0.9910378795642898,6.72896212043571
7.74,0.9935111233134158,6.746488876686584
7.76,0.9955869758598548,6.764413024140145
7.78,0.9972646068902659,6.782735393109735
7.8,0.998543345374605,6.801456654625395
7.82,0.9994226798345279,6.820577320165472
7.84,0.9999022585479752,6.840097741452024
7.86,0.9999818896898556,6.860018110310145
7.88,0.9996615414087742,6.8803384585912255
7.9,0.998941341839772,6.9010586581602285
7.92,0.9978215790530743,6.922178420946926
7.94,0.9963027009388656,6.943697299061135
7.96,0.9943853150281404,6.965614684971859
7.98,0.992070188249698,6.987929811750303
8.0,0.9893582466233818,7.0106417533766185
8.02,0.9862505748896837,7.033749425110316
8.040000000000001,0.9827484160758618,7.057251583924139
8.06,0.9788531709987474,7.081146829001253
8.08,0.974566397704435,7.105433602295565
8.1,0.9698898108450863,7.130110189154913
8.120000000000001,0.9648252809930908,7.15517471900691
8.14,0.9593748338928642,7.180625166107136
8.16,0.9535406496505743,7.206459350349426
8.18,0.94732506186213,7.23267493813787
8.2,0.9407305566797731,7.2592694433202265
8.22,0.9337597718176507,7.28624022818235
8.24,0.9264154954967662,7.313584504503234
8.26,0.9187006653297247,7.341299334670275
8.28,0.9106183671457304,7.369381632854269
8.3,0.9021718337562933,7.397828166243707
8.32,0.893364443662152,7.426635556337848
8.34,0.8841997197019127,7.455800280298087
8.36,0.8746813276429652,7.485318672357034
8.38,0.8648130747152218,7.5151869252847785
8.4,0.8545989080882804,7.54540109191172
8.42,0.8440429132926041,7.575957086707396
8.44,0.833149312585366,7.606850687414633
8.46,0.8219224632616022,7.638077536738399
8.48,0.8103668559113548,7.669633144088646
8.5,0.7984871126234903,7.701512887376509
8.52,0.7862879851369292,7.7337120148630705
8.540000000000001,0.7737743529400123,7.766225647059988
8.56,0.7609512213187744,7.799048778681226
8.58,0.7478237193548898,7.83217628064511
8.6,0.7343970978741133,7.865602902125886
8.620000000000001,0.7206767273460168,7.899323272653984
8.64,0.706668095735878,7.933331904264122
8.66,0.6923768063095604,7.967623193690439
8.68,0.6778085753922868,8.002191424607712
8.700000000000001,0.662969230082182,8.03703076991782
8.72,0.6478647059195176,8.072135294080484
8.74,0.6325010445125663,8.107498955487435
8.76,0.6168843911210448,8.143115608878954
8.78,0.6010209921980904,8.178979007801908
8.8,0.5849171928917617,8.215082807108239
8.82,0.5685794345070696,8.25142056549293
8.84,0.5520142519295329,8.287985748070467
8.86,0.5352282710113162,8.324771728988683
8.88,0.5182282059209752,8.361771794079026
8.9,0.5010208564578846,8.398979143542116
8.92,0.4836131053324,8.4363868946676
8.94,0.4660119154128711,8.473988084587129
8.96,0.4482243269405849,8.511775673059416
8.98,0.4302574547137687,8.549742545286232
9.0,0.4121184852417566,8.587881514758243
9.02,0.39381467387048763,8.626185326129512
9.040000000000001,0.3753533418804611,8.66464665811954
9.06,0.3567418735583286,8.703258126441671
9.08,0.3379877132432676,8.742012286756733
9.1,0.3190983623493521,8.780901637650647
9.120000000000001,0.30008137636508325,8.819918623634917
9.14,0.2809443618313018,8.859055638168698
9.16,0.2616949732986626,8.898305026701337
9.18,0.24234091026592378,8.937659089734076
9.200000000000001,0.22288991410024592,8.977110085899755
9.22,0.20334976494075557,9.016650235059245
9.24,0.183728278586583,9.056271721413417
9.26,0.1640333033706535,9.095966696629347
9.28,0.14427271702045727,9.135727282979541
9.3,0.1244544235070617,9.175545576492938
9.32,0.10458634988363526,9.215413650116364
9.34,0.08467644311472142,9.255323556885278
9.36,0.06473266689756589,9.295267333102434
9.38,0.04476299847674028,9.33523700152326
9.4,0.024775425453357765,9.375224574546642
9.42,0.0047779425901285115,9.41522205740987
9.44,-0.015221451386431743,9.455221451386432
9.46,-0.03521475698538918,9.49521475698539
9.48,-0.05519397715107451,9.535193977151074
9.5,-0.0751511204618093,9.57515112046181
9.52,-0.09507820432636095,9.61507820432636
9.540000000000001,-0.11496725817687631,9.654967258176876
9.56,-0.1348103266569955,9.694810326656995
9.58,-0.15459947280389894,9.734599472803898
9.6,-0.17432678122297965,9.77432678122298
9.620000000000001,-0.19398436125389898,9.8139843612539
9.64,-0.2135643501267387,9.853564350126739
9.66,-0.2330589161070144,9.893058916107014
9.68,-0.2524602616282581,9.932460261628258
9.700000000000001,-0.2717606264109442,9.971760626410946
9.72,-0.2909522905664908,10.010952290566491
9.74,-0.310027577685123,10.050027577685123
9.76,-0.32897885790632714,10.088978857906326
9.78,-0.347798550970695,10.127798550970695
9.8,-0.3664791292519284,10.166479129251929
9.82,-0.38501312076778266,10.205013120767783
9.84,-0.4033931121687696,10.24339311216877
9.86,-0.42161175170339216,10.281611751703391
9.88,-0.43966175215875003,10.319661752158751
9.9,-0.45753589377532133,10.35753589377532
9.92,-0.4752270271347798,10.39522702713478
9.94,-0.49272807601966023,10.432728076019659
9.96,-0.5100320402437544,10.470032040243755
9.98,-0.527131998452086,10.507131998452087
